"","Subject","age","gender"
"1","NSU130",NA,NA
"2","NYU003",53,"Female"
"3","GU100",20,"Female"
"4","GU011",20,"Female"
"5","STLM181",0,"Female"
"6","STLM138",63,"Female"
"7","UCSC073",36,"Female"
"8","GU152",21,"Female"
"9","NSU021",46,"Female"
"10","GU069",23,"Female"
"11","STLM172",81,"Male"
"12","NSU170",56,"Female"
"13","STLM118",83,"Female"
"14","NYU221",18,"Female"
"15","NYU228",51,"Male"
"16","NSU023",29,"Female"
"17","NYU028",40,"Male"
"18","NSU201",29,"Female"
"19","GU066",0,"Not stated"
"20","NSU172",77,"Female"
"21","NYU261",50,"Male"
"22","NYU031",38,"Female"
"23","NSU185",52,"Female"
"24","GU089",18,"Female"
"25","UCSC037",22,"Male"
"26","NYU130",21,"Male"
"27","STLC027",18,"Female"
"28","NYU215",22,"Female"
"29","GU085",21,"Female"
"30","STLM218",78,"Female"
"31","GU128",21,"Female"
"32","STAN122",0,"Not stated"
"33","STAN007",0,"Male"
"34","STLM068",76,"Female"
"35","NYU325",33,"Male"
"36","NYU001",58,"Female"
"37","NSU207",0,"Female"
"38","GU154",20,"Female"
"39","NSU213",0,"Not stated"
"40","NYU004",28,"Female"
"41","GU025",19,"Male"
"42","STLM185",67,"Female"
"43","GU098",21,"Female"
"44","GU055",27,"Female"
"45","YALE009",54,"Female"
"46","STLM137",65,"Male"
"47","STLM202",57,"Female"
"48","YALE010",18,"Male"
"49","NYU026",20,"Male"
"50","UCSC032",21,"Male"
"51","STLM210",86,"Female"
"52","STLM022",0,"Not stated"
"53","UCSC011",20,"Male"
"54","NYU037",19,"Female"
"55","YALE012",25,"Male"
"56","NYU040",47,"Female"
"57","NSU057",42,"Female"
"58","STLM089",62,"Female"
"59","NYU048",59,"Female"
"60","NYU054",23,"Male"
"61","STLC069",21,"Male"
"62","STLM108",87,"Male"
"63","NYU058",21,"Female"
"64","STLC020",20,"Male"
"65","UCSC018",22,"Female"
"66","STLM195",38,"Male"
"67","NSU055",37,"Female"
"68","NSU198",24,"Female"
"69","GU103",19,"Male"
"70","NSU187",47,"Female"
"71","NYU072",48,"Male"
"72","STLM055",0,"Not stated"
"73","STLC032",20,"Male"
"74","NSU112",20,"Male"
"75","GU082",21,"Female"
"76","NYU084",47,"Male"
"77","NSU009",33,"Female"
"78","NSU165",25,"Female"
"79","GU132",18,"Male"
"80","STLM099",47,"Female"
"81","STLM180",76,"Male"
"82","NSU030",35,"Male"
"83","STLM054",0,"Not stated"
"84","NSU182",35,"Female"
"85","NSU181",25,"Female"
"86","STLM148",85,"Male"
"87","GU083",19,"Female"
"88","NYU099",20,"Female"
"89","NYU102",20,"Male"
"90","GU172",19,"Female"
"91","STAN043",18,"Male"
"92","NYU103",53,"Female"
"93","NSU124",68,"Male"
"94","STAN157",19,"Female"
"95","YALE033",41,"Female"
"96","STLC013",69,"Male"
"97","STLC050",36,"Male"
"98","UCSC013",20,"Female"
"99","UCSC065",18,"Male"
"100","GU099",29,"Female"
"101","NYU135",64,"Male"
"102","STAN062",45,"Male"
"103","NSU115",66,"Male"
"104","NYU147",40,"Female"
"105","STLM136",67,"Female"
"106","STLM107",72,"Female"
"107","YALE041",30,"Female"
"108","STLM096",93,"Female"
"109","NSU188",24,"Male"
"110","NSU173",30,"Female"
"111","NYU154",22,"Female"
"112","NYU158",45,"Male"
"113","UCSC027",21,"Female"
"114","NYU159",21,"Female"
"115","GU007",0,"Not stated"
"116","NYU163",46,"Female"
"117","NSU006",40,"Female"
"118","GU081",18,"Male"
"119","STLC021",21,"Female"
"120","NSU212",0,"Not stated"
"121","STAN147",45,"Female"
"122","UCSC049",0,"Not stated"
"123","GU142",21,"Female"
"124","NSU050",65,"Male"
"125","STAN152",18,"Female"
"126","STLM013",88,"Female"
"127","NYU174",21,"Female"
"128","STLC054",19,"Male"
"129","NSU104",28,"Female"
"130","NSU194",26,"Male"
"131","NYU181",24,"Female"
"132","NYU184",22,"Female"
"133","NYU185",19,"Male"
"134","UCSC006",21,"Male"
"135","NYU193",24,"Female"
"136","STLM047",79,"Female"
"137","NYU194",19,"Male"
"138","UCSC052",21,"Female"
"139","GU155",20,"Male"
"140","STLM149",83,"Female"
"141","STLM091",74,"Female"
"142","GU151",18,"Female"
"143","STLM085",34,"Female"
"144","STAN019",20,"Female"
"145","GU168",18,"Male"
"146","STAN009",38,"Male"
"147","YALE060",18,"Female"
"148","HUY034",18,"Female"
"149","NSU097",40,"Female"
"150","NSU128",56,"Female"
"151","NSU214",0,"Not stated"
"152","NYU277",0,"Not stated"
"153","STAN059",38,"Female"
"154","STAN081",30,"Female"
"155","STAN123",39,"Female"
"156","STAN124",27,"Male"
"157","STLM194",0,"Not stated"
"158","NYU332",18,"Female"
"159","STLM189",75,"Female"
"160","STLM190",69,"Female"
"161","STLM094",54,"Female"
"162","YALE064",19,"Male"
"163","GU072",23,"Female"
"164","GU111",19,"Female"
"165","STLM052",0,"Not stated"
"166","GU056",36,"Male"
"167","NYU225",18,"Female"
"168","STAN026",31,"Female"
"169","STLC005",0,"Female"
"170","GU023",18,"Female"
"171","YALE068",0,"Not stated"
"172","GU149",19,"Female"
"173","STLM141",80,"Female"
"174","GU125",20,"Female"
"175","NSU117",23,"Female"
"176","STLM176",65,"Female"
"177","STLM081",78,"Female"
"178","NYU256",21,"Male"
"179","STAN027",29,"Male"
"180","GU130",19,"Female"
"181","NSU039",21,"Female"
"182","STAN110",32,"Male"
"183","UCSC025",24,"Female"
"184","STLM053",84,"Female"
"185","STLM101",43,"Female"
"186","NYU278",19,"Female"
"187","STLM156",49,"Female"
"188","GU078",20,"Female"
"189","UCSC040",20,"Female"
"190","STLC040",19,"Male"
"191","STLC075",19,"Female"
"192","GU135",18,"Male"
"193","STLC004",26,"Female"
"194","YALE083",21,"Female"
"195","YALE084",18,"Male"
"196","UCSC043",27,"Female"
"197","GU073",25,"Female"
"198","STAN004",22,"Female"
"199","GU171",18,"Female"
"200","STLM019",84,"Female"
"201","STLM124",67,"Female"
"202","STLC006",73,"Female"
"203","NYU315",0,"Not stated"
"204","UCSC029",21,"Female"
"205","STAN146",24,"Female"
"206","NYU318",25,"Female"
"207","STAN008",26,"Male"
"208","STAN023",17,"Female"
"209","NYU319",18,"Female"
"210","STLC059",20,"Male"
"211","NSU098",23,"Female"
"212","STAN121",24,"Male"
"213","NYU005",24,"Female"
"214","NSU154",27,"Male"
"215","YALE030",26,"Female"
"216","YALE054",26,"Female"
"217","GU036",20,"Male"
"218","NYU206",60,"Female"
"219","NYU051",50,"Male"
"220","NYU062",19,"Female"
"221","STAN005",30,"Female"
"222","UCSC071",23,"Female"
"223","NSU002",24,"Female"
"224","NYU110",53,"Female"
"225","NYU113",57,"Male"
"226","NYU009",30,"Male"
"227","NYU011",24,"Male"
"228","NSU129",27,"Male"
"229","NSU191",28,"Female"
"230","NYU041",20,"Female"
"231","STAN101",20,"Male"
"232","NYU079",40,"Male"
"233","YALE022",27,"Female"
"234","NSU109",22,"Male"
"235","GU097",19,"Female"
"236","YALE026",23,"Male"
"237","NYU106",23,"Male"
"238","NYU116",36,"Male"
"239","NYU131",31,"Female"
"240","NYU133",24,"Female"
"241","STAN151",25,"Female"
"242","GU092",29,"Female"
"243","NYU139",18,"Female"
"244","STAN028",42,"Male"
"245","UCSC024",23,"Female"
"246","STAN033",67,"Female"
"247","GU030",20,"Female"
"248","STLC012",59,"Male"
"249","YALE053",21,"Female"
"250","NYU200",18,"Male"
"251","YALE058",19,"Female"
"252","HUE035",71,"Female"
"253","STLC062",26,"Male"
"254","NYU226",35,"Female"
"255","NYU230",20,"Male"
"256","GU032",20,"Female"
"257","STLM077",52,"Female"
"258","NYU263",66,"Male"
"259","NYU265",23,"Male"
"260","STAN064",54,"Male"
"261","NSU208",31,"Female"
"262","STAN003",31,"Male"
"263","NYU297",41,"Male"
"264","STAN029",22,"Female"
"265","NYU309",23,"Female"
"266","NSU160",42,"Male"
"267","NYU317",57,"Male"
"268","GU050",21,"Male"
"269","YALE005",22,"Female"
"270","NYU010",52,"Male"
"271","NSU080",31,"Female"
"272","NSU092",61,"Female"
"273","NYU015",38,"Male"
"274","YALE008",18,"Female"
"275","NYU018",67,"Female"
"276","NYU021",61,"Male"
"277","GU058",20,"Female"
"278","NSU052",47,"Female"
"279","NYU027",20,"Female"
"280","NYU032",41,"Male"
"281","UCSC062",26,"Female"
"282","NSU203",32,"Male"
"283","NYU036",18,"Female"
"284","NSU133",34,"Female"
"285","STLM067",70,"Male"
"286","NYU043",23,"Female"
"287","STLM027",50,"Female"
"288","YALE014",19,"Female"
"289","YALE016",21,"Male"
"290","NSU155",32,"Male"
"291","NYU057",48,"Female"
"292","STLC033",49,"Female"
"293","NSU025",45,"Male"
"294","NYU063",24,"Female"
"295","GU157",20,"Male"
"296","GU061",19,"Female"
"297","STLM168",57,"Female"
"298","NSU093",37,"Female"
"299","UCSC008",21,"Female"
"300","STAN090",37,"Female"
"301","NYU104",28,"Female"
"302","NYU107",24,"Female"
"303","NSU071",52,"Male"
"304","NYU118",30,"Male"
"305","NYU123",27,"Female"
"306","STAN025",34,"Female"
"307","STLM209",59,"Female"
"308","NYU127",24,"Male"
"309","NYU128",56,"Female"
"310","YALE034",21,"Female"
"311","GU057",20,"Female"
"312","NSU102",41,"Female"
"313","STAN022",30,"Male"
"314","NSU035",37,"Female"
"315","NYU148",58,"Female"
"316","NYU149",34,"Female"
"317","STLM034",65,"Female"
"318","GU093",18,"Female"
"319","NYU152",22,"Female"
"320","YALE043",19,"Male"
"321","UCSC046",57,"Male"
"322","YALE045",49,"Female"
"323","NSU134",32,"Male"
"324","STLM005",50,"Female"
"325","GU075",20,"Female"
"326","NYU169",64,"Male"
"327","NSU177",25,"Female"
"328","NSU003",35,"Male"
"329","NSU042",55,"Female"
"330","NYU173",61,"Male"
"331","STLC063",19,"Female"
"332","NSU045",55,"Female"
"333","YALE052",24,"Female"
"334","NSU110",41,"Male"
"335","NYU192",27,"Male"
"336","NSU190",22,"Female"
"337","NSU156",31,"Female"
"338","NYU195",20,"Female"
"339","NSU202",26,"Female"
"340","GU001",18,"Female"
"341","NSU054",60,"Female"
"342","NYU204",21,"Male"
"343","NSU067",49,"Male"
"344","NSU105",65,"Female"
"345","NSU111",53,"Female"
"346","NYU213",31,"Female"
"347","GU076",18,"Female"
"348","NYU216",17,"Female"
"349","GU165",19,"Female"
"350","NYU219",41,"Female"
"351","NSU004",52,"Female"
"352","NYU222",46,"Female"
"353","NYU223",19,"Female"
"354","STLM076",42,"Female"
"355","GU004",19,"Female"
"356","STLM044",83,"Female"
"357","NSU033",52,"Female"
"358","GU088",20,"Male"
"359","STLM117",54,"Female"
"360","NSU005",65,"Male"
"361","STLM080",57,"Female"
"362","NSU012",37,"Female"
"363","UCSC042",51,"Female"
"364","STLM147",73,"Male"
"365","STAN095",25,"Female"
"366","NSU113",50,"Female"
"367","YALE075",21,"Male"
"368","GU139",21,"Male"
"369","GU124",20,"Female"
"370","GU121",18,"Female"
"371","NSU014",36,"Female"
"372","NSU072",60,"Female"
"373","NYU262",68,"Female"
"374","NYU272",47,"Female"
"375","NSU043",39,"Male"
"376","NYU286",61,"Male"
"377","UCSC072",37,"Female"
"378","NSU018",59,"Male"
"379","NYU288",19,"Female"
"380","STLM032",58,"Male"
"381","NYU291",19,"Female"
"382","NYU298",45,"Male"
"383","NYU300",50,"Female"
"384","GU102",19,"Female"
"385","STLM114",59,"Female"
"386","NSU108",69,"Female"
"387","YALE089",52,"Female"
"388","NYU311",53,"Female"
"389","YALE090",19,"Female"
"390","YALE091",31,"Male"
"391","NYU312",21,"Male"
"392","NYU313",38,"Female"
"393","NYU314",58,"Male"
"394","UCSC007",21,"Female"
"395","STAN094",22,"Female"
"396","NYU321",51,"Female"
"397","NYU322",42,"Female"
"398","STLM219",78,"Female"
"399","NYU023",21,"Female"
"400","NYU029",31,"Female"
"401","NYU124",42,"Female"
"402","NYU125",46,"Female"
"403","NSU079",53,"Female"
"404","NYU156",21,"Male"
"405","NYU165",48,"Female"
"406","NSU058",46,"Female"
"407","NYU227",39,"Female"
"408","GU053",18,"Female"
"409","GU044",18,"Female"
"410","UCSC061",35,"Female"
"411","STLM140",70,"Female"
"412","NSU077",41,"Male"
"413","UCSC023",23,"Female"
"414","NYU006",19,"Female"
"415","NYU022",53,"Male"
"416","GU012",21,"Female"
"417","NYU034",33,"Female"
"418","YALE013",24,"Male"
"419","STAN097",61,"Female"
"420","NYU082",23,"Female"
"421","NSU171",24,"Male"
"422","NSU175",25,"Female"
"423","GU108",21,"Male"
"424","UCSC017",25,"Female"
"425","NYU112",38,"Female"
"426","STLC064",18,"Female"
"427","NSU060",43,"Female"
"428","GU118",19,"Female"
"429","UCSC034",20,"Female"
"430","GU048",20,"Female"
"431","NSU166",20,"Male"
"432","YALE040",21,"Female"
"433","YALE042",25,"Female"
"434","GU034",19,"Male"
"435","GU002",20,"Female"
"436","STAN139",20,"Female"
"437","NSU024",29,"Female"
"438","GU123",20,"Female"
"439","NYU203",19,"Female"
"440","NYU205",18,"Female"
"441","NYU208",20,"Female"
"442","STAN138",20,"Female"
"443","NSU103",46,"Female"
"444","NYU257",59,"Female"
"445","NYU283",18,"Female"
"446","STLC042",24,"Female"
"447","NSU189",58,"Female"
"448","NYU304",21,"Female"
"449","STAN070",23,"Female"
"450","STAN006",31,"Female"
"451","GU136",18,"Female"
"452","NSU027",23,"Male"
"453","NYU016",44,"Male"
"454","NSU195",18,"Female"
"455","NYU052",23,"Male"
"456","YALE019",21,"Male"
"457","GU014",20,"Female"
"458","NSU066",45,"Female"
"459","NSU001",39,"Male"
"460","NSU215",36,"Female"
"461","NYU111",42,"Female"
"462","GU016",20,"Female"
"463","YALE035",21,"Female"
"464","YALE037",18,"Female"
"465","GU043",19,"Male"
"466","STLC041",19,"Male"
"467","NYU241",48,"Female"
"468","NSU204",26,"Female"
"469","NYU271",35,"Female"
"470","NYU292",19,"Male"
"471","YALE001",25,"Male"
"472","STLC038",18,"Male"
"473","NYU324",17,"Female"
"474","NYU326",27,"Female"
"475","NSU096",40,"Male"
"476","NSU075",31,"Female"
"477","NSU210",21,"Female"
"478","NSU168",36,"Female"
"479","STAN075",33,"Female"
"480","NSU119",48,"Male"
"481","STAN021",32,"Female"
"482","STLC089",19,"Male"
"483","NYU007",25,"Female"
"484","STAN049",18,"Male"
"485","NYU008",23,"Female"
"486","NSU159",24,"Female"
"487","YALE006",18,"Male"
"488","NYU013",23,"Male"
"489","NYU014",30,"Female"
"490","NSU192",22,"Female"
"491","STLM039",48,"Female"
"492","STLM090",38,"Male"
"493","GU156",18,"Female"
"494","UCSC002",18,"Female"
"495","STLM158",80,"Female"
"496","NYU020",25,"Male"
"497","NSU089",47,"Male"
"498","STAN112",21,"Male"
"499","STLM018",77,"Female"
"500","STAN149",61,"Female"
"501","STAN044",20,"Female"
"502","NYU024",21,"Female"
"503","STLM126",88,"Female"
"504","STLC056",19,"Female"
"505","STLM208",55,"Female"
"506","STAN127",21,"Female"
"507","STAN048",18,"Male"
"508","STLC019",86,"Female"
"509","NYU030",25,"Female"
"510","GU052",19,"Male"
"511","NSU138",29,"Female"
"512","GU137",20,"Female"
"513","NYU035",58,"Male"
"514","STLM021",51,"Female"
"515","STLM205",76,"Female"
"516","NYU038",22,"Female"
"517","YALE011",25,"Female"
"518","NYU039",23,"Female"
"519","STAN047",19,"Male"
"520","STLC011",72,"Female"
"521","STLM105",72,"Male"
"522","NYU042",29,"Female"
"523","NSU037",60,"Female"
"524","STAN035",18,"Female"
"525","STLM066",92,"Female"
"526","NSU049",34,"Female"
"527","STAN041",20,"Female"
"528","GU065",20,"Female"
"529","NYU049",18,"Female"
"530","UCSC056",48,"Female"
"531","YALE017",20,"Female"
"532","YALE018",17,"Female"
"533","GU019",19,"Female"
"534","STAN143",20,"Female"
"535","NYU059",29,"Male"
"536","NSU081",33,"Male"
"537","STLC048",19,"Female"
"538","UCSC048",24,"Female"
"539","STLC079",18,"Female"
"540","UCSC044",27,"Female"
"541","NYU061",32,"Female"
"542","GU010",21,"Female"
"543","UCSC051",54,"Female"
"544","UCSC054",52,"Female"
"545","NYU064",20,"Female"
"546","NSU051",41,"Female"
"547","STLM006",81,"Female"
"548","GU049",20,"Female"
"549","NYU065",22,"Female"
"550","STAN038",21,"Female"
"551","NYU068",19,"Female"
"552","STAN140",26,"Female"
"553","NYU070",23,"Female"
"554","NYU073",29,"Female"
"555","GU160",19,"Male"
"556","STLM177",50,"Male"
"557","NYU075",48,"Male"
"558","NSU053",31,"Female"
"559","STAN030",28,"Male"
"560","NSU139",40,"Female"
"561","GU114",22,"Female"
"562","STLM014",43,"Female"
"563","NYU076",24,"Female"
"564","GU037",18,"Male"
"565","UCSC010",22,"Female"
"566","NYU077",22,"Female"
"567","STAN091",22,"Female"
"568","STLM184",32,"Female"
"569","YALE023",22,"Male"
"570","UCSC036",20,"Female"
"571","NSU022",25,"Male"
"572","NSU015",31,"Male"
"573","NYU083",27,"Female"
"574","GU006",20,"Female"
"575","NSU120",44,"Female"
"576","STLC023",21,"Female"
"577","STAN014",64,"Male"
"578","UCSC016",27,"Female"
"579","STLC003",30,"Male"
"580","STLM155",79,"Female"
"581","NSU209",23,"Female"
"582","NYU087",21,"Female"
"583","NSU019",36,"Female"
"584","NYU088",21,"Female"
"585","GU059",20,"Female"
"586","STLM115",77,"Female"
"587","STAN125",46,"Female"
"588","YALE024",18,"Female"
"589","GU029",19,"Female"
"590","UCSC041",57,"Male"
"591","NSU147",22,"Female"
"592","STAN074",19,"Female"
"593","NSU176",30,"Female"
"594","STLM125",74,"Female"
"595","NYU092",20,"Male"
"596","NSU065",30,"Female"
"597","NYU093",49,"Male"
"598","STLC034",20,"Female"
"599","NYU094",19,"Female"
"600","NSU169",25,"Female"
"601","NYU095",19,"Female"
"602","NYU096",57,"Male"
"603","STAN126",30,"Female"
"604","STAN080",21,"Female"
"605","GU020",19,"Female"
"606","STLC025",18,"Female"
"607","UCSC059",35,"Female"
"608","YALE025",21,"Female"
"609","STAN073",29,"Male"
"610","GU008",20,"Female"
"611","NSU157",36,"Male"
"612","NYU101",34,"Female"
"613","NSU122",25,"Female"
"614","UCSC039",21,"Female"
"615","STAN013",22,"Female"
"616","STAN115",23,"Female"
"617","GU140",20,"Female"
"618","YALE027",19,"Male"
"619","NYU105",21,"Female"
"620","GU068",20,"Female"
"621","STLM030",67,"Female"
"622","NYU108",60,"Female"
"623","NYU109",23,"Male"
"624","STLC085",19,"Female"
"625","NSU044",29,"Female"
"626","YALE028",52,"Female"
"627","STLM072",93,"Female"
"628","NSU143",24,"Female"
"629","NSU116",34,"Male"
"630","NYU117",20,"Female"
"631","STLM056",85,"Female"
"632","YALE029",69,"Male"
"633","NYU336",18,"Female"
"634","STAN155",31,"Female"
"635","YALE031",39,"Male"
"636","STAN051",22,"Female"
"637","STAN042",18,"Female"
"638","STLC044",21,"Male"
"639","STLM130",87,"Female"
"640","STLC049",21,"Female"
"641","STLM161",58,"Female"
"642","UCSC035",20,"Female"
"643","STAN071",61,"Female"
"644","YALE032",22,"Male"
"645","NYU120",26,"Female"
"646","NYU121",20,"Female"
"647","NSU152",27,"Male"
"648","NYU122",18,"Male"
"649","STLC001",36,"Female"
"650","STAN084",69,"Female"
"651","NSU074",68,"Male"
"652","STAN134",21,"Female"
"653","STAN158",21,"Male"
"654","STLC051",21,"Male"
"655","STAN011",24,"Female"
"656","UCSC015",45,"Female"
"657","STLC072",21,"Male"
"658","GU159",18,"Male"
"659","NYU136",19,"Female"
"660","NYU137",49,"Male"
"661","NSU118",31,"Male"
"662","NSU086",54,"Male"
"663","STAN141",33,"Male"
"664","NSU047",27,"Female"
"665","NSU085",33,"Male"
"666","NYU141",20,"Female"
"667","NYU142",23,"Male"
"668","NSU197",53,"Female"
"669","NSU059",38,"Female"
"670","NYU145",22,"Female"
"671","STLM201",66,"Male"
"672","NSU010",45,"Female"
"673","NYU146",23,"Male"
"674","YALE038",37,"Male"
"675","YALE039",20,"Male"
"676","GU110",20,"Female"
"677","STAN036",21,"Male"
"678","UCSC067",25,"Not stated"
"679","NSU020",53,"Male"
"680","UCSC066",21,"Female"
"681","UCSC021",19,"Female"
"682","NYU150",21,"Female"
"683","NYU151",82,"Male"
"684","STLM063",72,"Female"
"685","STLM002",54,"Female"
"686","STLM049",75,"Female"
"687","STAN160",47,"Male"
"688","STAN083",19,"Female"
"689","NYU160",24,"Male"
"690","YALE044",20,"Female"
"691","STLM046",49,"Female"
"692","NYU162",48,"Female"
"693","NSU174",18,"Female"
"694","STLM024",66,"Female"
"695","GU080",25,"Male"
"696","NYU164",23,"Female"
"697","STLM128",84,"Female"
"698","STLC086",20,"Female"
"699","NSU062",47,"Female"
"700","GU045",20,"Female"
"701","NYU166",25,"Female"
"702","NSU032",50,"Female"
"703","STLC053",21,"Female"
"704","NYU167",21,"Male"
"705","NYU168",18,"Female"
"706","STAN092",22,"Female"
"707","UCSC005",21,"Female"
"708","NSU121",25,"Male"
"709","NSU135",32,"Female"
"710","UCSC014",22,"Female"
"711","NYU170",51,"Male"
"712","STLM120",37,"Female"
"713","STAN131",18,"Female"
"714","STLC035",20,"Female"
"715","NSU186",45,"Female"
"716","STAN113",20,"Female"
"717","UCSC064",21,"Female"
"718","YALE051",20,"Female"
"719","NYU175",32,"Female"
"720","NSU167",19,"Female"
"721","STLM038",41,"Female"
"722","NSU126",58,"Male"
"723","GU022",20,"Female"
"724","STAN103",41,"Female"
"725","UCSC026",24,"Female"
"726","NYU177",27,"Female"
"727","NSU184",40,"Female"
"728","NYU180",20,"Female"
"729","STLM186",59,"Female"
"730","STAN078",23,"Female"
"731","STAN137",23,"Male"
"732","GU109",22,"Male"
"733","NYU182",17,"Male"
"734","NYU183",79,"Female"
"735","NYU187",46,"Female"
"736","NYU188",30,"Female"
"737","STAN037",19,"Female"
"738","NYU189",43,"Male"
"739","GU115",29,"Female"
"740","NYU190",31,"Female"
"741","STAN116",19,"Male"
"742","NSU142",27,"Male"
"743","NYU191",18,"Female"
"744","UCSC001",25,"Female"
"745","NSU164",53,"Female"
"746","STLC087",19,"Female"
"747","GU161",22,"Male"
"748","STAN085",80,"Male"
"749","STLM023",41,"Female"
"750","NYU196",19,"Female"
"751","STAN156",26,"Female"
"752","YALE055",21,"Female"
"753","STLM150",82,"Female"
"754","NYU198",47,"Male"
"755","NSU040",24,"Female"
"756","NYU199",22,"Female"
"757","STLM084",85,"Female"
"758","STLC009",43,"Female"
"759","NSU150",22,"Female"
"760","NSU178",25,"Male"
"761","STAN024",18,"Female"
"762","STAN133",18,"Female"
"763","GU064",19,"Female"
"764","NYU202",54,"Female"
"765","GU062",19,"Female"
"766","GU077",21,"Female"
"767","YALE059",28,"Female"
"768","NSU153",39,"Female"
"769","GU146",20,"Female"
"770","STAN046",19,"Male"
"771","NYU209",34,"Female"
"772","UCSC033",21,"Female"
"773","GU122",21,"Female"
"774","GU150",19,"Female"
"775","HUY002",19,"Male"
"776","HUY004",18,"Female"
"777","HUY006",18,"Female"
"778","HUY007",18,"Female"
"779","HUY008",19,"Male"
"780","HUY009",18,"Female"
"781","HUY013",18,"Male"
"782","HUY017",17,"Female"
"783","HUY018",17,"Male"
"784","HUY019",18,"Female"
"785","HUY020",18,"Male"
"786","HUY021",19,"Male"
"787","HUY023",18,"Female"
"788","HUY024",18,"Male"
"789","HUY025",18,"Female"
"790","HUY026",17,"Male"
"791","HUY028",18,"Female"
"792","HUY030",18,"Male"
"793","HUY031",18,"Male"
"794","HUY032",18,"Male"
"795","HUY037",17,"Male"
"796","NSU046",47,"Female"
"797","NSU125",38,"Female"
"798","NYU330",23,"Male"
"799","NYU331",29,"Female"
"800","NYU335",53,"Male"
"801","STAN057",25,"Female"
"802","HUE033",64,"Female"
"803","STLM193",63,"Female"
"804","NSU011",28,"Female"
"805","HUE009",65,"Female"
"806","HUE002",74,"Female"
"807","HUE003",72,"Female"
"808","HUE005",73,"Male"
"809","HUE006",67,"Female"
"810","HUE007",69,"Male"
"811","HUE008",73,"Male"
"812","HUE010",68,"Female"
"813","HUE011",66,"Female"
"814","HUE013",69,"Female"
"815","HUE015",66,"Female"
"816","HUE018",66,"Female"
"817","HUE020",74,"Female"
"818","HUE021",72,"Female"
"819","HUE022",76,"Female"
"820","HUE026",70,"Female"
"821","HUE028",76,"Male"
"822","HUE029",71,"Female"
"823","HUE030",70,"Female"
"824","HUE032",72,"Female"
"825","STAN072",26,"Male"
"826","STLC028",17,"Female"
"827","STAN086",73,"Male"
"828","NYU210",19,"Female"
"829","NYU211",23,"Female"
"830","STLM093",66,"Female"
"831","NYU212",18,"Male"
"832","YALE063",20,"Female"
"833","NSU036",34,"Female"
"834","YALE065",26,"Female"
"835","STAN077",18,"Female"
"836","GU148",21,"Female"
"837","GU143",19,"Female"
"838","STAN039",17,"Female"
"839","UCSC069",21,"Female"
"840","NSU017",65,"Male"
"841","YALE066",47,"Male"
"842","NSU041",36,"Female"
"843","NYU217",36,"Female"
"844","GU101",19,"Female"
"845","YALE067",30,"Female"
"846","GU063",59,"Male"
"847","NYU220",20,"Female"
"848","STAN135",26,"Male"
"849","NYU224",30,"Female"
"850","NSU199",28,"Female"
"851","STAN082",19,"Female"
"852","UCSC019",22,"Male"
"853","NYU231",21,"Female"
"854","NYU234",27,"Female"
"855","NYU235",30,"Male"
"856","NSU091",26,"Male"
"857","NYU236",19,"Female"
"858","NSU123",38,"Female"
"859","STLM086",72,"Female"
"860","UCSC004",20,"Male"
"861","YALE069",35,"Male"
"862","NSU100",29,"Male"
"863","NYU239",80,"Female"
"864","YALE071",33,"Female"
"865","YALE072",23,"Female"
"866","STAN020",21,"Female"
"867","STAN001",19,"Female"
"868","NSU161",22,"Female"
"869","NYU240",21,"Female"
"870","UCSC038",22,"Female"
"871","STLM007",56,"Female"
"872","NSU140",22,"Female"
"873","GU153",20,"Female"
"874","NSU114",34,"Male"
"875","NSU088",27,"Female"
"876","STLM159",77,"Male"
"877","STAN120",20,"Female"
"878","NYU243",24,"Female"
"879","YALE073",58,"Female"
"880","YALE074",34,"Female"
"881","STLM112",89,"Female"
"882","GU026",19,"Female"
"883","STAN089",22,"Male"
"884","STAN105",37,"Female"
"885","NSU162",31,"Female"
"886","NYU246",18,"Female"
"887","NYU247",20,"Female"
"888","NYU248",19,"Female"
"889","NYU249",29,"Male"
"890","NYU250",19,"Female"
"891","NSU180",33,"Female"
"892","STAN096",30,"Female"
"893","NYU252",29,"Male"
"894","STLC065",24,"Male"
"895","STAN056",38,"Female"
"896","NSU008",31,"Female"
"897","YALE077",18,"Male"
"898","NYU254",34,"Male"
"899","STLM167",84,"Male"
"900","STLC058",18,"Female"
"901","GU084",20,"Female"
"902","STAN142",47,"Female"
"903","GU113",22,"Male"
"904","YALE078",26,"Female"
"905","NYU258",44,"Female"
"906","GU107",20,"Female"
"907","NYU260",19,"Female"
"908","STLC090",19,"Male"
"909","GU091",19,"Female"
"910","NSU179",16,"Female"
"911","NSU069",58,"Female"
"912","UCSC050",24,"Female"
"913","NSU082",48,"Female"
"914","NSU206",26,"Male"
"915","NYU267",21,"Female"
"916","NYU268",20,"Female"
"917","NYU269",41,"Female"
"918","STLM152",76,"Female"
"919","NSU090",52,"Male"
"920","YALE080",19,"Male"
"921","NYU273",24,"Male"
"922","NYU274",46,"Male"
"923","NYU275",19,"Male"
"924","STAN069",54,"Female"
"925","NYU279",52,"Female"
"926","STAN129",19,"Female"
"927","GU039",20,"Male"
"928","NYU280",28,"Female"
"929","UCSC060",43,"Female"
"930","NYU281",26,"Male"
"931","NYU282",18,"Female"
"932","NYU284",29,"Female"
"933","NSU095",54,"Female"
"934","STLM045",49,"Male"
"935","UCSC055",25,"Female"
"936","STLC002",34,"Female"
"937","NSU146",25,"Female"
"938","STLC052",20,"Male"
"939","UCSC031",40,"Female"
"940","STAN145",21,"Male"
"941","STLM119",61,"Male"
"942","STLC055",26,"Female"
"943","NSU183",22,"Female"
"944","YALE081",24,"Female"
"945","YALE082",57,"Male"
"946","GU126",23,"Male"
"947","NSU028",33,"Female"
"948","STLC043",21,"Female"
"949","NSU148",22,"Female"
"950","NYU294",22,"Female"
"951","NYU295",19,"Female"
"952","STAN161",19,"Female"
"953","NSU084",34,"Female"
"954","NYU296",22,"Male"
"955","STLM048",83,"Female"
"956","STLC030",19,"Female"
"957","YALE085",18,"Male"
"958","STLC046",18,"Female"
"959","NYU301",18,"Male"
"960","NSU094",33,"Female"
"961","NYU305",44,"Male"
"962","STLC078",18,"Male"
"963","STAN132",19,"Female"
"964","STLM123",46,"Female"
"965","YALE087",20,"Female"
"966","UCSC045",29,"Male"
"967","NSU163",31,"Female"
"968","STAN118",20,"Female"
"969","NSU137",32,"Female"
"970","GU042",22,"Male"
"971","GU031",21,"Female"
"972","YALE088",18,"Female"
"973","NYU308",22,"Male"
"974","NSU048",50,"Female"
"975","STAN154",20,"Female"
"976","UCSC047",23,"Female"
"977","STAN104",29,"Female"
"978","UCSC020",23,"Male"
"979","STAN093",72,"Female"
"980","STLM083",83,"Female"
"981","NSU130",34,"Female"
"982","UCSC022",25,"Female"
"983","NSU211",23,"Female"
"984","STAN061",23,"Female"
"985","NYU316",34,"Female"
"986","GU144",18,"Female"
"987","NSU038",27,"Male"
"988","STAN002",19,"Female"
"989","NYU320",21,"Male"
"990","STAN150",32,"Female"
"991","NSU031",58,"Female"
"992","NSU073",73,"Female"
"993","NSU101",45,"Male"
"994","NYU045",39,"Female"
"995","YALE020",44,"Female"
"996","NYU085",39,"Female"
"997","NSU099",46,"Female"
"998","NYU153",52,"Female"
"999","YALE049",22,"Female"
"1000","NYU179",46,"Male"
"1001","NSU132",31,"Female"
"1002","NSU106",45,"Female"
"1003","GU038",20,"Male"
"1004","GU071",21,"Female"
"1005","GU147",19,"Female"
"1006","STAN153",52,"Male"
"1007","NSU016",50,"Female"
"1008","GU027",20,"Female"
"1009","NSU026",75,"Female"
"1010","STAN119",33,"Female"
"1011","NYU327",55,"Male"
"1012","STAN079",25,"Male"
"1013","NYU002",19,"Male"
"1014","NYU019",42,"Male"
"1015","NYU046",18,"Male"
"1016","NYU055",21,"Male"
"1017","STLC083",20,"Male"
"1018","NSU013",26,"Female"
"1019","STAN159",23,"Female"
"1020","STLC026",20,"Female"
"1021","GU141",24,"Female"
"1022","STAN128",17,"Female"
"1023","YALE021",20,"Male"
"1024","NYU090",20,"Male"
"1025","UCSC030",21,"Male"
"1026","STAN055",42,"Male"
"1027","STLM033",90,"Female"
"1028","NYU140",55,"Female"
"1029","NYU144",29,"Female"
"1030","NYU302",63,"Male"
"1031","STLM203",45,"Female"
"1032","GU035",19,"Male"
"1033","NYU161",33,"Male"
"1034","NSU158",20,"Female"
"1035","YALE050",25,"Female"
"1036","STLM200",67,"Female"
"1037","STAN018",21,"Male"
"1038","STLM097",53,"Male"
"1039","UCSC028",18,"Female"
"1040","STLC091",18,"Male"
"1041","NYU329",29,"Male"
"1042","STLM188",38,"Male"
"1043","STLM191",75,"Female"
"1044","STLM008",37,"Female"
"1045","STLM214",69,"Female"
"1046","NYU214",20,"Female"
"1047","STLM217",75,"Male"
"1048","NYU218",35,"Female"
"1049","GU169",18,"Male"
"1050","STLM204",29,"Male"
"1051","STLM087",73,"Female"
"1052","STLC045",18,"Male"
"1053","YALE079",30,"Female"
"1054","NYU266",41,"Male"
"1055","STLM031",82,"Female"
"1056","STLM139",71,"Male"
"1057","STLM129",78,"Male"
"1058","GU104",20,"Female"
"1059","STLM043",87,"Female"
"1060","YALE094",21,"Male"
"1061","STAN045",19,"Male"
"1062","YALE002",21,"Female"
"1063","YALE004",20,"Male"
"1064","STLC015",71,"Male"
"1065","GU117",18,"Female"
"1066","STLM011",60,"Female"
"1067","GU013",21,"Male"
"1068","STLM154",72,"Female"
"1069","STLM131",68,"Female"
"1070","STLC010",71,"Female"
"1071","NYU086",26,"Male"
"1072","STLM171",68,"Female"
"1073","STLM160",66,"Female"
"1074","STLM064",74,"Male"
"1075","GU079",20,"Male"
"1076","GU003",20,"Female"
"1077","STLC073",18,"Female"
"1078","STLC082",18,"Male"
"1079","GU060",21,"Female"
"1080","STAN012",21,"Male"
"1081","YALE062",18,"Female"
"1082","STLC007",68,"Female"
"1083","STLM164",69,"Female"
"1084","YALE092",24,"Male"
"1085","NYU071",17,"Female"
"1086","NYU178",68,"Male"
"1087","STAN052",55,"Male"
"1088","YALE046",18,"Male"
"1089","GU005",18,"Female"
"1090","NYU197",34,"Female"
"1091","YALE076",25,"Female"
"1092","YALE093",19,"Female"
"1093","NYU089",26,"Male"
"1094","NYU138",19,"Male"
"1095","STLM012",77,"Male"
"1096","STLM133",90,"Male"
"1097","NSU007",39,"Male"
"1098","NSU127",42,"Male"
"1099","STLM196",85,"Female"
"1100","NYU012",55,"Male"
"1101","STLM010",91,"Female"
"1102","STLM070",80,"Female"
"1103","GU131",20,"Male"
"1104","STLM116",77,"Male"
"1105","UCSC070",21,"Female"
"1106","GU067",21,"Male"
"1107","NYU017",57,"Male"
"1108","NSU078",48,"Female"
"1109","NSU151",49,"Female"
"1110","NYU025",19,"Male"
"1111","STLM004",62,"Female"
"1112","STLC068",24,"Male"
"1113","NYU033",20,"Male"
"1114","STLM017",44,"Male"
"1115","STLC037",19,"Female"
"1116","STLM211",77,"Female"
"1117","STLM020",61,"Female"
"1118","GU145",21,"Female"
"1119","STLM216",62,"Female"
"1120","STAN034",56,"Male"
"1121","NYU056",24,"Male"
"1122","STAN031",18,"Female"
"1123","STLM074",45,"Female"
"1124","GU041",20,"Female"
"1125","GU166",19,"Male"
"1126","STLM113",70,"Female"
"1127","STLM212",43,"Female"
"1128","NYU066",25,"Female"
"1129","GU112",20,"Female"
"1130","STLM001",80,"Female"
"1131","NYU074",21,"Female"
"1132","STLM165",81,"Female"
"1133","STLM041",76,"Female"
"1134","STLM143",54,"Female"
"1135","STLC070",19,"Male"
"1136","STLC057",19,"Male"
"1137","STLM051",63,"Female"
"1138","STLM173",84,"Male"
"1139","STLM122",52,"Male"
"1140","STLM178",68,"Male"
"1141","STLM206",74,"Male"
"1142","NSU193",33,"Female"
"1143","GU033",21,"Female"
"1144","NYU097",18,"Male"
"1145","NYU098",19,"Male"
"1146","STLM062",52,"Female"
"1147","GU127",19,"Male"
"1148","STLC077",19,"Female"
"1149","STLC060",20,"Male"
"1150","NYU114",32,"Male"
"1151","GU046",20,"Male"
"1152","NYU126",55,"Female"
"1153","STLM132",68,"Female"
"1154","GU095",25,"Female"
"1155","STLM036",67,"Female"
"1156","YALE036",26,"Male"
"1157","STAN068",26,"Male"
"1158","GU162",18,"Male"
"1159","STAN111",26,"Male"
"1160","GU074",21,"Male"
"1161","STLM065",67,"Male"
"1162","STLM109",73,"Male"
"1163","GU028",18,"Female"
"1164","STLC036",19,"Female"
"1165","STLM166",68,"Female"
"1166","STLM162",88,"Female"
"1167","STLM016",88,"Male"
"1168","NSU087",32,"Female"
"1169","STLM098",91,"Female"
"1170","STAN087",23,"Male"
"1171","STLM146",66,"Female"
"1172","STAN060",21,"Female"
"1173","STLM015",69,"Male"
"1174","STAN040",22,"Male"
"1175","STLM183",79,"Female"
"1176","STAN058",51,"Male"
"1177","YALE056",72,"Male"
"1178","YALE057",19,"Female"
"1179","STAN065",54,"Female"
"1180","GU105",19,"Female"
"1181","NYU207",20,"Female"
"1182","HUY003",17,"Female"
"1183","HUY005",18,"Male"
"1184","HUY012",18,"Male"
"1185","HUY015",18,"Male"
"1186","HUY027",18,"Female"
"1187","HUY036",19,"Female"
"1188","NSU034",39,"Female"
"1189","STLM192",39,"Female"
"1190","HUE012",72,"Female"
"1191","HUE017",68,"Female"
"1192","HUE027",72,"Male"
"1193","NYU328",88,"Male"
"1194","STLM151",35,"Female"
"1195","STLM050",45,"Female"
"1196","GU070",21,"Female"
"1197","STAN050",19,"Female"
"1198","STLM142",62,"Female"
"1199","GU163",28,"Male"
"1200","STLM028",71,"Male"
"1201","NYU232",20,"Male"
"1202","NYU237",18,"Male"
"1203","NYU238",56,"Female"
"1204","STLM059",88,"Female"
"1205","STLM082",65,"Female"
"1206","NYU242",20,"Male"
"1207","STLC017",85,"Female"
"1208","GU167",19,"Male"
"1209","NYU245",21,"Male"
"1210","STLM061",32,"Male"
"1211","GU164",18,"Female"
"1212","STAN130",20,"Male"
"1213","STLM042",60,"Female"
"1214","NYU264",58,"Female"
"1215","STLC067",18,"Female"
"1216","NYU276",26,"Male"
"1217","STLM106",83,"Male"
"1218","GU040",20,"Female"
"1219","STLM199",57,"Male"
"1220","NYU285",26,"Male"
"1221","STLC076",20,"Male"
"1222","NYU287",29,"Male"
"1223","NSU070",33,"Male"
"1224","STLM035",66,"Female"
"1225","STLM075",60,"Female"
"1226","UCSC012",19,"Female"
"1227","GU087",23,"Female"
"1228","STLM144",47,"Female"
"1229","GU047",19,"Female"
"1230","GU024",18,"Male"
"1231","STLM163",73,"Female"
"1232","STLM100",93,"Female"
"1233","STLM111",91,"Female"
"1234","NYU310",67,"Female"
"1235","STLM145",84,"Female"
"1236","STLM207",61,"Male"
"1237","NYU069",49,"Male"
"1238","GU018",18,"Female"
"1239","NYU067",64,"Female"
"1240","NYU081",29,"Female"
"1241","NYU172",19,"Male"
"1242","HUY001",20,"Male"
"1243","YALE003",34,"Male"
"1244","YALE007",22,"Female"
"1245","STLM003",63,"Female"
"1246","NYU050",33,"Male"
"1247","GU015",19,"Female"
"1248","STLM198",40,"Female"
"1249","UCSC068",23,"Female"
"1250","NYU233",35,"Male"
"1251","NYU290",20,"Female"
"1252","STAN016",22,"Female"
"1253","NSU076",42,"Male"
"1254","STAN076",50,"Male"
"1255","NYU337",18,"Male"
"1256","GU119",21,"Female"
"1257","STAN063",33,"Male"
"1258","GU021",20,"Male"
"1259","STLM175",71,"Male"
"1260","STLM182",42,"Female"
"1261","YALE015",45,"Male"
"1262","STLC039",19,"Male"
"1263","NYU044",19,"Female"
"1264","NYU053",32,"Female"
"1265","GU138",21,"Female"
"1266","UCSC053",39,"Male"
"1267","STLC047",24,"Male"
"1268","STLM153",81,"Male"
"1269","GU106",20,"Female"
"1270","STLM169",79,"Female"
"1271","NYU078",19,"Male"
"1272","STLM060",50,"Female"
"1273","NYU091",18,"Male"
"1274","STLM187",64,"Female"
"1275","STLM057",72,"Female"
"1276","STLM069",74,"Female"
"1277","STLM135",67,"Male"
"1278","GU054",20,"Male"
"1279","GU009",19,"Female"
"1280","STLM104",56,"Male"
"1281","STLM009",95,"Female"
"1282","STLM213",84,"Male"
"1283","STLC008",81,"Female"
"1284","NYU132",33,"Male"
"1285","NYU134",37,"Male"
"1286","STLC014",80,"Male"
"1287","GU116",27,"Male"
"1288","STLC018",83,"Male"
"1289","STAN099",53,"Male"
"1290","GU086",21,"Female"
"1291","STAN054",50,"Male"
"1292","UCSC009",22,"Male"
"1293","STLM121",72,"Female"
"1294","STAN136",27,"Male"
"1295","NSU205",30,"Female"
"1296","STLM073",52,"Female"
"1297","YALE048",18,"Female"
"1298","NYU171",31,"Male"
"1299","STLM127",72,"Male"
"1300","UCSC058",43,"Female"
"1301","NYU176",20,"Male"
"1302","STLM078",80,"Female"
"1303","STLM102",61,"Male"
"1304","STLM071",86,"Male"
"1305","NYU201",42,"Male"
"1306","STAN148",35,"Female"
"1307","STLM103",86,"Female"
"1308","STAN109",31,"Male"
"1309","HUY011",18,"Male"
"1310","HUY033",18,"Male"
"1311","NYU334",40,"Male"
"1312","HUE031",63,"Female"
"1313","HUE001",74,"Female"
"1314","HUE004",77,"Male"
"1315","HUE014",72,"Female"
"1316","HUE016",75,"Female"
"1317","HUE019",74,"Female"
"1318","HUE034",75,"Female"
"1319","HUE036",69,"Female"
"1320","YALE061",18,"Male"
"1321","NSU145",21,"Female"
"1322","STLM197",70,"Male"
"1323","NSU063",46,"Female"
"1324","STLC084",20,"Male"
"1325","NYU229",20,"Female"
"1326","STLM134",76,"Male"
"1327","STLM079",74,"Female"
"1328","STLC066",20,"Male"
"1329","YALE070",18,"Male"
"1330","STLC016",83,"Female"
"1331","STLM157",19,"Female"
"1332","STLM029",43,"Female"
"1333","GU133",21,"Male"
"1334","NYU251",42,"Male"
"1335","STLM040",39,"Female"
"1336","STLM215",75,"Female"
"1337","STLM026",75,"Male"
"1338","NYU255",38,"Male"
"1339","STLC031",22,"Female"
"1340","STAN108",33,"Male"
"1341","NYU259",41,"Female"
"1342","STLC071",30,"Female"
"1343","STAN106",23,"Female"
"1344","STLC080",19,"Female"
"1345","NYU289",20,"Male"
"1346","NYU293",22,"Female"
"1347","STAN100",52,"Female"
"1348","STAN032",26,"Female"
"1349","STLM025",64,"Male"
"1350","STAN010",23,"Male"
"1351","STLM058",48,"Female"
"1352","GU090",18,"Female"
"1353","NYU307",19,"Female"
"1354","STLM170",64,"Female"
"1355","STLM095",41,"Female"
"1356","GU094",19,"Male"
"1357","STAN102",41,"Female"
"1358","NYU115",47,"Female"
"1359","NSU056",40,"Female"
"1360","STAN117",38,"Female"
"1361","NYU100",18,"Female"
"1362","STAN015",18,"Female"
"1363","NSU107",62,"Male"
"1364","NSU144",60,"Female"
"1365","NYU323",49,"Female"
"1366","NSU029",48,"Male"
"1367","STLM088",72,"Female"
"1368","NSU068",35,"Male"
"1369","STAN098",40,"Male"
"1370","STLM174",79,"Female"
"1371","STLC061",19,"Male"
"1372","GU173",33,"Male"
"1373","NSU141",21,"Female"
"1374","NYU119",27,"Female"
"1375","NYU129",47,"Male"
"1376","NYU155",29,"Male"
"1377","NSU149",20,"Female"
"1378","STLM037",63,"Male"
"1379","NYU299",23,"Female"
"1380","NYU333",28,"Male"
"1381","HUE025",69,"Female"
"1382","NSU136",32,"Male"
"1383","GU051",19,"Male"
"1384","NYU244",26,"Female"
"1385","NYU253",43,"Female"
"1386","STLC024",19,"Male"
"1387","NSU061",31,"Female"
"1388","STLM092",88,"Female"
"1389","NYU303",26,"Male"
"1390","NYU306",22,"Female"
"1391","UCSC063",21,"Female"
"1392","STLM110",45,"Male"
"1393","GU120",21,"Female"
"1394","GU170",18,"Male"
"1395","GU134",21,"Female"
"1396","GU129",19,"Female"
"1397","NYU270",23,"Male"
"1398","NSU200",19,"Male"
"1399","GU096",21,"Female"
"1400","STAN088",22,"Male"
"1401","GU158",19,"Female"
"1402","STLC022",19,"Male"
"1403","STAN053",40,"Male"
"1404","UCSC057",40,"Male"
"1405","NYU047",28,"Female"
"1406","STAN144",20,"Female"
"1407","NYU060",28,"Male"
"1408","NYU080",34,"Male"
"1409","STLC074",19,"Female"
"1410","GU017",21,"Female"
"1411","UCSC003",27,"Female"
"1412","NYU143",20,"Female"
"1413","NYU157",19,"Male"
"1414","STAN107",31,"Female"
"1415","YALE047",18,"Female"
"1416","NSU083",30,"Male"
"1417","NYU186",24,"Female"
"1418","STLC088",17,"Female"
"1419","STLC081",17,"Female"
"1420","HUY010",18,"Female"
"1421","HUY014",18,"Female"
"1422","HUY016",18,"Female"
"1423","HUY022",19,"Male"
"1424","HUY029",18,"Female"
"1425","HUY035",19,"Female"
"1426","HUE023",75,"Female"
"1427","HUE024",76,"Female"
"1428","NYU338",18,"Female"
"1429","STAN017",28,"Male"
"1430","NSU131",31,"Female"
"1431","STLM179",75,"Female"
"1432","STAN114",23,"Male"
"1433","STLC029",19,"Female"
"1434","NSU196",42,"Female"
"1435","YALE086",0,"Male"
